<?xml version="1.0" encoding="UTF-8"?>
<list id="1">
  <org.openmrs.Location id="2" uuid="8d6c993e-c2cc-11de-8d13-0010c6dffd0f">
    <name>Unknown Location</name>
    <creator/>
    <dateCreated id="3">2005-09-21 17:00:00</dateCreated>
    <retired>false</retired>
    <attributes id="4"/>
    <locationId>1</locationId>
    <address1></address1>
    <address2></address2>
    <cityVillage></cityVillage>
    <stateProvince></stateProvince>
    <country></country>
    <postalCode></postalCode>
    <childLocations id="5"/>
    <tags id="6"/>
  </org.openmrs.Location>
  <org.openmrs.Location id="7" uuid="baf7bd38-d225-11e4-9c67-080027b662ec">
    <name>General Ward</name>
    <description>General Ward</description>
    <creator/>
    <dateCreated id="8">2015-03-24 11:30:22</dateCreated>
    <changedBy/>
    <dateChanged id="9">2017-02-14 01:33:27</dateChanged>
    <retired>true</retired>
    <dateRetired id="10">2017-02-14 01:33:27</dateRetired>
    <retiredBy/>
    <retireReason>not required</retireReason>
    <attributes id="11"/>
    <locationId>9</locationId>
    <parentLocation id="12" resolves-to="org.openmrs.Location" uuid="c1e42932-3f10-11e4-adec-0800271c1b75">
      <name>Ganiyari</name>
      <description>Ganiyari hospital</description>
      <creator/>
      <dateCreated id="13">2014-09-17 17:00:00</dateCreated>
      <retired>false</retired>
      <attributes id="14">
        <org.openmrs.LocationAttribute id="15" uuid="c1e46f27-3f10-11e4-adec-0800271c1b75">
          <creator/>
          <dateCreated id="16">2014-09-17 17:00:00</dateCreated>
          <voided>false</voided>
          <owner class="org.openmrs.Location" reference="12"/>
          <attributeType class="org.openmrs.LocationAttributeType" id="17" uuid="c1e403a0-3f10-11e4-adec-0800271c1b75">
            <name>IdentifierSourceName</name>
            <description>Identifier source name of the source that needs to be used for patients coming from this location</description>
            <creator/>
            <dateCreated id="18">2014-09-17 17:00:00</dateCreated>
            <retired>false</retired>
            <minOccurs>0</minOccurs>
            <maxOccurs>1</maxOccurs>
            <datatypeClassname>org.openmrs.customdatatype.datatype.FreeTextDatatype</datatypeClassname>
            <locationAttributeTypeId>1</locationAttributeTypeId>
          </attributeType>
          <valueReference>GAN</valueReference>
          <locationAttributeId>1</locationAttributeId>
        </org.openmrs.LocationAttribute>
      </attributes>
      <locationId>2</locationId>
      <childLocations id="19">
        <org.openmrs.Location id="20" uuid="c58e12ed-3f12-11e4-adec-0800271c1b75">
          <name>OPD-1</name>
          <creator/>
          <dateCreated id="21">2014-09-18 07:34:18</dateCreated>
          <changedBy/>
          <dateChanged id="22">2016-07-29 08:26:32</dateChanged>
          <retired>false</retired>
          <attributes id="23"/>
          <locationId>8</locationId>
          <parentLocation reference="12"/>
          <childLocations id="24"/>
          <tags id="25">
            <org.openmrs.LocationTag id="26" uuid="b8bbf83e-645f-451f-8efe-a0db56f09676">
              <name>Login Location</name>
              <description>When a user logs in and chooses a session location, they may only choose one with this tag</description>
              <creator/>
              <dateCreated id="27">2014-09-18 07:28:23</dateCreated>
              <retired>false</retired>
              <locationTagId>1</locationTagId>
            </org.openmrs.LocationTag>
          </tags>
        </org.openmrs.Location>
        <org.openmrs.Location reference="7"/>
        <org.openmrs.Location id="28" uuid="bb0e512e-d225-11e4-9c67-080027b662ec">
          <name>Labour Ward</name>
          <description>General Ward</description>
          <creator/>
          <dateCreated id="29">2015-03-24 11:30:22</dateCreated>
          <changedBy/>
          <dateChanged id="30">2017-02-14 01:33:41</dateChanged>
          <retired>true</retired>
          <dateRetired id="31">2017-02-14 01:33:40</dateRetired>
          <retiredBy/>
          <retireReason>not required</retireReason>
          <attributes id="32"/>
          <locationId>11</locationId>
          <parentLocation reference="12"/>
          <childLocations id="33">
            <org.openmrs.Location id="34" uuid="bb0eb071-d225-11e4-9c67-080027b662ec">
              <name>Labour Ward - 1</name>
              <description>1st Floor of General Ward</description>
              <creator/>
              <dateCreated id="35">2015-03-24 11:30:22</dateCreated>
              <changedBy/>
              <dateChanged id="36">2017-02-14 01:33:41</dateChanged>
              <retired>true</retired>
              <dateRetired id="37">2017-02-14 01:33:40</dateRetired>
              <retiredBy/>
              <retireReason>not required</retireReason>
              <attributes id="38"/>
              <locationId>12</locationId>
              <parentLocation reference="28"/>
              <childLocations id="39"/>
              <tags id="40">
                <org.openmrs.LocationTag id="41" uuid="a675e840-d225-11e4-9c67-080027b662ec">
                  <name>Admission Location</name>
                  <description>General Ward Patients</description>
                  <creator/>
                  <dateCreated id="42">2015-03-24 11:29:47</dateCreated>
                  <retired>false</retired>
                  <locationTagId>2</locationTagId>
                </org.openmrs.LocationTag>
              </tags>
            </org.openmrs.Location>
          </childLocations>
          <tags id="43">
            <org.openmrs.LocationTag reference="26"/>
            <org.openmrs.LocationTag reference="41"/>
          </tags>
        </org.openmrs.Location>
        <org.openmrs.Location id="44" uuid="c5854fd7-3f12-11e4-adec-0800271c1b75">
          <name>Registration Desk</name>
          <creator/>
          <dateCreated id="45">2014-09-18 07:34:18</dateCreated>
          <changedBy/>
          <dateChanged id="46">2017-02-14 01:33:55</dateChanged>
          <retired>true</retired>
          <dateRetired id="47">2017-02-14 01:33:55</dateRetired>
          <retiredBy/>
          <retireReason>not required</retireReason>
          <attributes id="48"/>
          <locationId>7</locationId>
          <parentLocation reference="12"/>
          <childLocations id="49"/>
          <tags id="50">
            <org.openmrs.LocationTag reference="26"/>
          </tags>
        </org.openmrs.Location>
      </childLocations>
      <tags id="51">
        <org.openmrs.LocationTag id="52" uuid="475d8fa3-5572-11e6-8be9-0800270d80ce">
          <name>Visit Location</name>
          <description>Visit Location</description>
          <creator/>
          <dateCreated id="53">2016-07-29 08:23:19</dateCreated>
          <retired>false</retired>
          <locationTagId>3</locationTagId>
        </org.openmrs.LocationTag>
      </tags>
    </parentLocation>
    <childLocations id="54">
      <org.openmrs.Location id="55" uuid="baf83667-d225-11e4-9c67-080027b662ec">
        <name>General Ward Room 1</name>
        <description>1st Floor of General Ward</description>
        <creator/>
        <dateCreated id="56">2015-03-24 11:30:22</dateCreated>
        <changedBy/>
        <dateChanged id="57">2017-02-14 01:33:27</dateChanged>
        <retired>true</retired>
        <dateRetired id="58">2017-02-14 01:33:27</dateRetired>
        <retiredBy/>
        <retireReason>not required</retireReason>
        <attributes id="59"/>
        <locationId>10</locationId>
        <parentLocation reference="7"/>
        <childLocations id="60"/>
        <tags id="61">
          <org.openmrs.LocationTag reference="41"/>
        </tags>
      </org.openmrs.Location>
      <org.openmrs.Location id="62" uuid="e48fb2b3-d490-11e5-b193-0800270d80ce">
        <name>General Ward - Room 2</name>
        <creator/>
        <dateCreated id="63">2015-11-01 22:47:24</dateCreated>
        <changedBy/>
        <dateChanged id="64">2017-02-14 01:33:27</dateChanged>
        <retired>true</retired>
        <dateRetired id="65">2017-02-14 01:33:27</dateRetired>
        <retiredBy/>
        <retireReason>not required</retireReason>
        <attributes id="66"/>
        <locationId>14</locationId>
        <parentLocation reference="7"/>
        <childLocations id="67"/>
        <tags id="68"/>
      </org.openmrs.Location>
    </childLocations>
    <tags id="69">
      <org.openmrs.LocationTag reference="26"/>
      <org.openmrs.LocationTag reference="41"/>
    </tags>
  </org.openmrs.Location>
  <org.openmrs.Location reference="55"/>
  <org.openmrs.Location reference="28"/>
  <org.openmrs.Location reference="34"/>
  <org.openmrs.Location reference="12"/>
  <org.openmrs.Location id="70" uuid="c1e4950f-3f10-11e4-adec-0800271c1b75">
    <name>Subcenter 2 (SEM)</name>
    <description>Subcenter 2 (SEM)</description>
    <creator/>
    <dateCreated id="71">2014-09-17 17:00:00</dateCreated>
    <retired>false</retired>
    <attributes id="72">
      <org.openmrs.LocationAttribute id="73" uuid="c1e4e4a5-3f10-11e4-adec-0800271c1b75">
        <creator/>
        <dateCreated id="74">2014-09-17 17:00:00</dateCreated>
        <voided>false</voided>
        <owner class="org.openmrs.Location" reference="70"/>
        <attributeType class="org.openmrs.LocationAttributeType" reference="17"/>
        <valueReference>SEM</valueReference>
        <locationAttributeId>2</locationAttributeId>
      </org.openmrs.LocationAttribute>
    </attributes>
    <locationId>3</locationId>
    <childLocations id="75"/>
    <tags id="76"/>
  </org.openmrs.Location>
  <org.openmrs.Location id="77" uuid="c1ebb8db-3f10-11e4-adec-0800271c1b75">
    <name>Subcenter 3 (SIV)</name>
    <description>Subcenter 3 (SIV)</description>
    <creator/>
    <dateCreated id="78">2014-09-17 17:00:00</dateCreated>
    <retired>false</retired>
    <attributes id="79">
      <org.openmrs.LocationAttribute id="80" uuid="c1f23319-3f10-11e4-adec-0800271c1b75">
        <creator/>
        <dateCreated id="81">2014-09-17 17:00:00</dateCreated>
        <voided>false</voided>
        <owner class="org.openmrs.Location" reference="77"/>
        <attributeType class="org.openmrs.LocationAttributeType" reference="17"/>
        <valueReference>SIV</valueReference>
        <locationAttributeId>3</locationAttributeId>
      </org.openmrs.LocationAttribute>
    </attributes>
    <locationId>4</locationId>
    <childLocations id="82"/>
    <tags id="83"/>
  </org.openmrs.Location>
  <org.openmrs.Location id="84" uuid="c1f25be5-3f10-11e4-adec-0800271c1b75">
    <name>Subcenter 1 (BAM)</name>
    <description>Subcenter 1 (BAM)</description>
    <creator/>
    <dateCreated id="85">2014-09-17 17:00:00</dateCreated>
    <retired>false</retired>
    <attributes id="86">
      <org.openmrs.LocationAttribute id="87" uuid="c1f2a697-3f10-11e4-adec-0800271c1b75">
        <creator/>
        <dateCreated id="88">2014-09-17 17:00:00</dateCreated>
        <voided>false</voided>
        <owner class="org.openmrs.Location" reference="84"/>
        <attributeType class="org.openmrs.LocationAttributeType" reference="17"/>
        <valueReference>BAM</valueReference>
        <locationAttributeId>4</locationAttributeId>
      </org.openmrs.LocationAttribute>
    </attributes>
    <locationId>5</locationId>
    <childLocations id="89"/>
    <tags id="90"/>
  </org.openmrs.Location>
  <org.openmrs.Location reference="44"/>
  <org.openmrs.Location reference="20"/>
  <org.openmrs.Location reference="62"/>
</list>
